title,description,reference,date,popularity,comments
DKB ETF Heiliger Gral Fragen,"Hallo,

Ich wÃ¼rde gerne mein ETF besparen anfangen. Soweit ich mich reingelesen habe wÃ¼rde ich den thesaurierenden Vanguard All World aka Heiliger Gral auswÃ¤hlen (A2PKXG). Dieser erledigt auch alle Steuerfragen direkt selber und ich muss es in meiner SteuererklÃ¤rung auffÃ¼hren. 

Angenommen ich sag ich mÃ¶chte jeden Montag 500â‚¬ einzahlen, dann wird das jeden Monat automatisch abgebucht fÃ¼r eine GebÃ¼hr von 1,50â‚¬, korrekt? Muss es von meinem DKB Konte sein oder auch ein anderes wÃ¤re ok?

DKB hat diesen aber nur als Sparplan und nicht als einmal Zahlung? Wenn ich jetzt aber eine grÃ¶ÃŸere Summe aufeinmal den A2PKXG holen mÃ¶chte (5k â‚¬) als Beispiel wie wÃ¼rde das denn gehen? Ich konnte das bei DKB unter Einmalzahlung nicht finden?

&#x200B;

Vielen Dank fÃ¼r eure Hilfe!",https://www.reddit.com/r/Finanzen/comments/1aq7ij0/dkb_etf_heiliger_gral_fragen/,20240213,2,"comment 1: > Dieser erledigt auch alle Steuerfragen direkt selber und ich muss es in meiner SteuererklÃ¤rung auffÃ¼hren.

Nicht der ETF erledigt die Steuerfragen, sondern deine Bank. An den Freistellungsauftrag denken, wenn du welchen hast. Dann musst du auch nicht die SteuererklÃ¤rung machen bzw. die Anlage KAP ausfÃ¼llen (zumindest deswegen).

> Angenommen ich sag ich mÃ¶chte jeden Montag 500â‚¬ einzahlen, dann wird das jeden Monat automatisch abgebucht fÃ¼r eine GebÃ¼hr von 1,50â‚¬, korrekt?

Wenn du mit ""Montag"" ""Monat"" meinst, dann ja.

> Muss es von meinem DKB Konte sein oder auch ein anderes wÃ¤re ok?

Ziemlich sicher muss es das DKB Konto sein.

> DKB hat diesen aber nur als Sparplan und nicht als einmal Zahlung?

Doch, natÃ¼rlich kannst du auch eine normale BÃ¶rsenorder machen. Kostet halt mehr. Man kann alternativ auch einmalig den Sparplan hochsetzen.

> Ich konnte das bei DKB unter Einmalzahlung nicht finden?

Also bei mir kann ich in der Suche den A2PKXG suchen und dann auf Kaufen klicken...
comment 2: Bin auch bei der DKB aber kann deren Depot nicht empfehlen aufgrund des Preismodells sowie der geringen Auswahl. Da gibt es eindeutig attraktivere Banken bzw. Broker. Hab jetzt ein Broker-Konto bei finanzen.net zero und das ist fÃ¼r den Amfang auf jeden Fall gut. Empfehlung geht raus.
comment 3: Als AnfÃ¤nger mit noch nicht genutztem Freibetrag nimmst du doch wohl besser den AusschÃ¼tter:   A1JX52 

WÃ¶chentlich am Montag kaufen ist natÃ¼rlich nicht.

SparplÃ¤ne werden am 05. oder 20. des Monats ausgefÃ¼hrt.

Einmalanlage gibt es wohl nicht. Da musst du wohl einen normalen Kauf machen. 

Ob eine Lastschrift auf eine andere Bank geht weiÃŸ ich nicht. Macht fÃ¼r mich auch keinen Sinn. Man kann doch einen DA auf das Girokonto machen.
comment 4: Vielen Dank fÃ¼r die Antworten. Ich hatte es hier gesucht und nicht gefunden [https://www.dkb.de/privatkunden/investieren/aktion-etf-einmalanlage](https://www.dkb.de/privatkunden/investieren/aktion-etf-einmalanlage)
comment 5: >geringen Auswahl. 

Wo ist da eine geringe Auswahl, was fehlt dir im Angebot?
comment 6: Bin bei der DKB und Scalable Capital und bespare trotzdem den heiligen Gral Ã¼ber die DKB einfach weil es das Handling einfacher macht. 1,50â‚¬ im Monat sind echt verkraftbar.

Ich finde gerade am Anfang ist SimplizitÃ¤t praktisch. Komplizierter wird's von alleine...
comment 7: lol geringe Auswahl. man halt halt die wichtigsten bÃ¶rsenplÃ¤tze der welt
comment 8: Das DKB Depot hat eines der grÃ¶ÃŸeren Angebote an Papieren, afaik..

Das Preismodell ist super fÃ¼r Leute die mit hohen Geldmengen rumspielen :D
comment 9: Ach, wie immer.  :)

Macht nur weiter mit den Downvotes.

Die Reaktion von verblendeten Thesaurierer-Fanatisten zeigt mir immer wieder wie verblÃ¶det diese Gruppe ist was Steuern angeht.

[https://www.fondsweb.com/de/vergleichen/ansicht/isins/IE00BK5BQT80,IE00B3RBWM25](https://www.fondsweb.com/de/vergleichen/ansicht/isins/IE00BK5BQT80,IE00B3RBWM25)

Ja, zwei Dinge sind unendlich, ...
comment 10: Hey, ist das mit am 5. oder 20. einfach festgelegt oder hat das einen bestimmten Hintergrund?
comment 11: DKB hat lediglich knappe 500 etfs in der kostenlosen AusfÃ¼hrung, denkendes das damit gemeint ist
comment 12: Bei 1000 EUR Sparrate natÃ¼rlich lÃ¤cherlich.

Aber fÃ¼r Leute die nur 50 Euro im Monat sparen kÃ¶nnen durchaus ein Problem.
comment 13: Verstehe ich. Bin aber auch ein Pfennigfuchser muss ich zugeben :D
comment 14: Wieso nur fÃ¼r Leute, die mit hohen Geldmengen rumspielen? Ich habe mal comdirect, DKB und ING verglichen, und da ist DKB praktisch durchgehend am gÃ¼nstigsten, unabhÃ¤ngig vom Umsatz. Allerdings nur bei EinzelauftrÃ¤gen . WertpapiersparplÃ¤ne gibtâ€™s bei ING sowieso umsonst.
comment 15: Na hÃ¶r mal, es gibt hier ja auch hin und wieder noch die Cashflow- und DividendengenieÃŸer
comment 16: Das hat die DKB eben so festgelegt.

Andere Banken machen 01./08./15./22. oder nur zwei davon.
comment 17: solange A2PKXG und A1JX52 dabei sind ist das Angebot doch gut!
comment 18: [deleted]
comment 19: DKB hat halt eine feste GebÃ¼hr. 10 von 100 ist relativ viel, wÃ¤hrend 10 von 5000 ein ganz guter Prozentsatz ist.
comment 20: Ja, aber nur wenige.

Die Masse scheint doch eher verblÃ¶det oder inkompetent zu sein.

Das geht doch oben mit den Votes schon weiter.

Obwohl ich in dem Vergleich gezeigt habe daÃŸ diese beiden ETF was die Performance betrifft - natÃ¼rlich - zu 100% gleichwertig sind.

Da jemanden fÃ¼r die Wahl aus steuerlichen GrÃ¼nden fÃ¼r A oder B zu verurteilen zeigt nur die eigene Dummheit auf.
comment 21: Danke
comment 22: 0,3%  ?
comment 23: Das ist, was ich meinte. Wenn du 100 investieren willst, ist das ein Wertpapiersparplan und bei ING umsonst. Wennâ€™s um eine echte Einmaltransaktion geht, ist DKB meine Wahl.
comment 24: Ich hab dich nicht runter gevotet, aber Ã¤rgere mich persÃ¶nlich im RÃ¼ckblick dass ich auf Leute wie dich gehÃ¶rt habe.Â 


Mittlerweile sind Vorabpauschale und Zinsen so hoch dass mein Freistellungsauftrag am Jahresanfang ausgereizt ist und die AusschÃ¼tter die ich habe sind steuerlich schlechter...


Â Ich stÃ¼nde besser da, wenn ich von Anfang an auf Thesaurier gesetzt hÃ¤tte...
comment 25: Was habe ich denn gesagt?

Doch sicher daÃŸ man ab ca. 80k besser einen Thesaurier nimmt.
comment 26: IchÂ habeÂ weit vor 80k schon auf Thesaurier gewechselt. Das Ã¤ndert an Grundproblem nichts.Â 


Sobald das Depot eine entsprechende GrÃ¶ÃŸe hat sind AusschÃ¼tter schlecht. Bisher besparte AusschÃ¼tter verkaufen und Thesaurier kaufen ist auch steuerlich schlecht.Â 


Man wÃ¤hlt eine Strategie die am Anfang gut ist und spÃ¤ter dann schlechter. DaÂ LeuteÂ dieÂ dasÂ nichtÂ empfehlen alsÂ dumm zu bezeichnen ich schon schÃ¤big....
comment 27: Welches Grundproblem?

Wenn du mehr als 100k hast dann ist der Freibetrag eben ausgeschÃ¶pft und du zahlst Steuern darauf. Vollkommen egal wie die Anlage aussieht.
comment 28: >Sobald das Depot eine entsprechende GrÃ¶ÃŸe hat sind AusschÃ¼tter schlecht. Bisher besparte AusschÃ¼tter verkaufen und Thesaurier kaufen ist auch steuerlich schlecht.Â 

Du musst halt so frÃ¼h wechseln, dass Verkaufen auch noch mÃ¶glich ist ...
comment 29: Gab hier mal einen Link, wo jemand berechnet hat, dass man spÃ¤testens bei 20k wechseln sollte weil die Dividenden ja ansteigen und es deshalb immer negativer wird sobald der Freibetrag komplett ausgeschÃ¶pft ist.
comment 30: Das Grundproblem habe ich in dem Kommentar im Absatz danach direkt erklÃ¤rt....


Ach egal, wird mir zu blÃ¶d hier...
comment 31: Schon lustig, wie jemand das ganze Forum als verblÃ¶det bezeichnet  und dann selber irgendwie das Thema nicht rafft. Richtiger Experte
comment 32: Woher soll man das wissen wenn die BÃ¶rse manchmal -20% und manchmal +20% in einem Jahr macht?


Bei 10% Kursgewinne im Jahr ist das bei ~10.000â‚¬ der Fall. Das hÃ¤tte OP bei 500â‚¬ im Monat in weniger als 2 Jahren erreicht... Lohnt sich das wirklich!?
comment 33: Naja, der Kurs ist an der Stelle ja erstmal zweitrangig.

Aber wenn ich von meinen 1000 â‚¬ 500 â‚¬ ""fix"" verbrauche (BSV, Tagesgeld, AusschÃ¼ttungen), dann habe ich noch 500, die ich Ã¼ber VerkÃ¤ufe nutzen kann. Wenn 800 fix verbraucht sind, habe ich nur noch 200. Das wÃ¤re mir persÃ¶nlich zu eng.

Wenn ich wirklich Kursgewinne von 10% habe, verkaufe ich halt entsprechend weniger, um die 1000 auszureizen. Auf die 10% Kursgewinn folgt ja nicht zwingend auch eine entsprechende ErhÃ¶hung der AusschÃ¼ttungen.
comment 34: Ich dachte wir reden davon, dass man den AusschÃ¼tter komplett verkauft und auf einen Thesaurierer wechselt...?

Ich klink mich glaub aus der Diskussion aus - wir kommen hier nicht mehr auf einen grÃ¼nen Zweig...
comment 35: Mit ""wechseln"" war zunÃ¤chst mal nur der Sparplan gemeint, sorry. Denn die AusschÃ¼ttungen sind ja schon praktisch â€“ erstmal. Sie helfen mir beim Ausnutzen des Steuerfreibetrags. Was nicht ausgenutzt wird, wird Ã¼ber VerkÃ¤ufe geregelt.

Das von den AusschÃ¼ttungen und den VerkÃ¤ufen stammende Geld wird dann zunÃ¤chst auch jeweils in den A1 getan.

Irgendwann wird dann ""geswitcht"". Bis dahin gehen wir glaube ich konform: ab dann wird der Thesaurierer bespart.

Fraglich ist nun: a) wann ist ""irgendwann""? b) was bedeutet ""geswitcht""?

Dieses ""irgendwann"" ist mitnichten erst, wenn der Freibetrag von allen ""automatisch"" kommenden ErtrÃ¤gen aufgefressen wird, sondern bereits dann, wenn man noch locker Teile des AusschÃ¼tters verkaufen kann.

Und mit ""switchen"" meine ich erstmal nur das Umstellen des Sparplans auf den Thesaurierer. Der AusschÃ¼tter kann erstmal liegen bleiben, der liegt ja gut.

Beispiel: Habe ich AusschÃ¼ttungen und Zinszahlungen in HÃ¶he von 600 â‚¬, dann habe ich noch 400 frei. Wenn ich gegen Jahresende verkaufe (und dabei ein wenig acht gebe), dann kann ich die einigermaÃŸen auffÃ¼llen. Idealerweise verkaufe ich dann â€“ auch nach den ""Switchen"" â€“ vom AusschÃ¼tter. Das dabei freiwerdende Geld kommt in den Thesaurierer.

Somit steigt der AusschÃ¼tter nicht ins Unermessliche, sondern wird sukzessive weniger, wÃ¤hrend der Thesaurierer wÃ¤chst und mit ihm seine Vorabpauschale. Idealerweise werden die AusschÃ¼ttungen schneller weniger als die VAP auf den Thesaurierer wÃ¤chst. Das lÃ¤sst sich aber nicht garantieren, und deshalb sollte man frÃ¼hzeitig switchen.

Wenn einem das zu aufwÃ¤ndig ist, geht man einfach auf den Thesaurierer und fertig."
ETF Sparplan fÃ¼r neugeborenen Neffen einrichten,"Hi Community,
zuerst mal danke fÃ¼r so einige Einstiegstipps, die ich hier lernen durfte.
Ich bin gerade Onkel geworden und wÃ¼rde gerne als Boomersparbuch-Pendant einen ETF-Sparplan fÃ¼r den Bub einrichten.
Ich bin mir lediglich nicht ganz im Klaren, wie ich das anstelle - mache ich ein neues Scalablekonto auf und gebe den Eltern die Zugangsdaten? Oder kann ich auf seinen Namen so etwas einrichten?
Das Ganze ist gedacht als Anlage auf 18 Jahre, zu dem er ab seiner VolljÃ¤hrigkeit Zugang erhÃ¤lt.
Danke im Voraus :)",https://www.reddit.com/r/Finanzen/comments/1apnrm5/etf_sparplan_fÃ¼r_neugeborenen_neffen_einrichten/,20240213,14,"comment 1: mein tipp weil man nie weiÃŸ was passiert:

mach dir bei irgendeinem broker einen sparplan ein und Ã¼bertrag ihm das zum 18. oder zahls aus und schenk es ihm.

in 18 jahren kann weiÃŸ gott was passieren.
comment 2: Lass ihn auf deinen Namen laufen . Niemand weiÃŸ wie das Kind mit 18 drauf ist. Evtl nen totaler Nichtsnutz, der die Kohle in kurzer Zeit wegblÃ¤st.
Mit ist klar, dass meine Einstellung diesbezÃ¼glich extrem ist, aber ich habe gerne die Kontrolle und war wie wir alle auch mal 18
comment 3: Mach auf deinen Namen und gib ihm das Geld dann wenn er 18 ist (oder spÃ¤ter, wenn du denkst er kann noch nicht damit umgehen). AuÃŸerdem kann in 18 Jahren viel Passieren wie Streit etc. So hast du das Geld dann trotzdem noch. 

Allerdings wÃ¼rde ich an deiner Stelle wirklich Konsequent einzahlen und das Gesamte Geld ihm geben, auch wenn es vielleicht insane viel geworden ist. Komm nicht in die Versuchung das Geld dann doch fÃ¼r dich zu behalten, du investierst ja nicht ohne Grund in einen Etf fÃ¼r ihn und nicht auf ein Bausparer.

Btw sag den Eltern vll garnichts davon.
comment 4: Ich bin ein bisschen Ã¼berrascht, das bisher niemand Ã¼ber Kapitalertragssteuer geredet hat.

Klar das mit 18 ein Nichtsnutz sein. Auf der anderen Seite schmeiÃŸt man aber seinen Freibetrag weg, wenn man das Depot nicht auf seinen Namen laufen lÃ¤sst. Und das sind ja nciht nur die 1000â‚¬, sondern fÃ¼r absehbare Zeit auch der ganze Steuerfreibetrag. Entsprechend ist es auch mÃ¶glicherweise nicht optimal, das ganze thesaurierend anzulegen.
comment 5: Einfach den Eltern von deinem Vorhaben erzÃ¤hlen, sie ein wenig mit dem Thema vertraut machen und zum mitmachen animieren. 
Sie legen dann ein Juniordepot (z.B. ING) und Sparplan (z.B. A2PKXG) auf den Namen des Kindes an, auf dessen Verrechnungskonto du dann einen Dauerauftrag einrichten kannst.
Bin genauso vorgegangen und die Eltern haben zusÃ¤tzlich noch die GroÃŸeltern zum mitmachen animiert.
comment 6: Ich hab fÃ¼r mein Patenkind was auf meinen Namen angelegt. Da kommen monatlich 25 Euro drauf. Zum 18. Geburtstag bekommt ers dann und kann machen was er will ğŸ™ˆ idee ist natÃ¼rlich er kauft sich ein Auto davon oder zahlt den FÃ¼hrerschein etc. Was man in den alter halt so macht.

Die Eltern wissen aktuell nichts davon ğŸ™Š die wÃ¼rden mich steinigen ğŸ¤£ğŸ¤£ğŸ¤£ğŸ¤£
comment 7: Auf deinen Namen einrichten, thesaurierende ETF nutzen und ihm das Depot Ã¼bertragen, bevor er 18 ist.
comment 8: Was du suchst, ist ein sog. Junior-Depot, gibts z.B. bei ING Diba oder Commerzbank. Vorteil: Das Depot wird direkt auf den Namen des Kindes erÃ¶ffnet, gehÃ¶rt also ihm/ihr, somit fÃ¤llt nach 18 Jahren keine Schenkungssteuer an (die Grenzen hierfÃ¼r sind fÃ¼r Onkel wesentlich niedriger, als fÃ¼r Eltern und GroÃŸeltern). Die Zugangsdaten erhÃ¤ltst du und das Kind erhÃ¤lt mit dem 18. Geburtstag automatisch einen eigenen Zugriff auf das Konto.

&#x200B;

Edit: Brauchst dafÃ¼r ggf. ne Vollmacht der Eltern zur DepoterÃ¶ffnung
comment 9: Dann macht er das. ğŸ¤·ğŸ»â€â™€ï¸ 
Aber mal ernsthaft: das wird ne Menge Geld sein, die ein vernÃ¼nftiger 18 jÃ¤hriger zu investieren weiÃŸ. Wenn er Partyurlaub in Malle damit machen will, gibt's einen roten Partybecher dazu. 
Wenn er eine Rundreise in Australien macht, wÃ¼nsche ich ihm viel SpaÃŸ. 
Wenn er es wieder in etf oder so investiert, gebe ich ihm Tipps, wie er an Info kommt -> er kriegt den Link zu r/Finanzen ğŸ˜‰
comment 10: Ich hab bei Consors ein Juniordepot fÃ¼r mein Kind auf dessen Namen. Ist kostenlos, ETF Sparplan ist kostenlos fÃ¼r ausgewÃ¤hlte ETFs und es wird bei mir als BevollmÃ¤chtigter in der KontoÃ¼bersicht angezeigt. Steuerlich lÃ¤uft es auf das Kind. Sind ausschÃ¼ttende ETFs mit automatischer Wiederanlage. Meine Vollmacht lÃ¤uft ab seinen 18. Geburtstag ab. Dann kÃ¶nnte er natÃ¼rlich alles verkaufen. 
Zum ErÃ¶ffnen braucht man die Geburtsurkunde des Kindes und die Unterschriften aller Erziehungsberechtigten. Neobroker machen das eher nicht.

FÃ¼r mein Taufkind und meine Nichte habe je ein Depot auf meinen Namen angelegt. Therausierende ETFs. Die Eltern wissen auch nichts davon. Irgendwann verschenke ich das Depot dann an die. Steuerlich macht es bei KleinbetrÃ¤gen nicht so viel aus. Kursgewinne mÃ¼ssen die dann halt versteuern.
Ist also etwas einfacher einzurichten.
comment 11: Ich wÃ¼rde davon abraten, das Geld auf eigenem Namen zu behalten. Zum Einen kann dann bei der Ãœbertragung Schenkungssteuer anfallen, zum anderen kann es ja sein, dass du das Geld nicht behalten *kannst* (Arbeitslosigkeit z.B.). 

Lass von den Eltern ein Junior-Depot und ein Junior-Konto einrichten und zahle dann regelmÃ¤ÃŸig auf letzteres. Daraus kann dann ein Sparplan bedient werden. 

Nachteil ist natÃ¼rlich, dass der Bub das ganze Geld mit einem Mal bekommt, aber ihr habt ja 18 Jahre Zeit, vernÃ¼nftig zu erziehen. Bzw. ist es natÃ¼rlich eine gewisse HÃ¼rde, alles zu verkaufen. Ihr kÃ¶nntet ja auch ausschÃ¼ttende ETFs besparen so dass Quartalsweise etwas Taschengeld reinkommt.
comment 12: UnabhÃ¤ngig davon, ob man das Geld im Namen des Kindes haben mÃ¶chte, kannst du nicht einfach Konten/Depots fÃ¼r Kinder erÃ¶ffnen, deren Erziehungsberechtigter du nicht bist. Das mÃ¼ssten die Eltern machen, die dann auch den Sparplan einrichten mÃ¼ssten (und du machst halt nen Dauerauftrag aufs Referenzkonto). 

Wenn du dagegen in deinem eigenen Namen sparst, hast du nicht nur die Besteuerungssache fÃ¼r den Profit sondern u.U. auch Schenkungssteuer.
comment 13: Sowas geht nur mit Vollmacht der Eltern, wenn ich mich richtig entsinne. Da das Depot im Optimalfall auf ihn lÃ¤uft.
comment 14: Wieso denkt eigentlich jeder, seine Frage wÃ¤re einmalig?
comment 15: Ich habe das wie folgt:

Konto lÃ¤uft auf mich. Kind und Eltern wissen nichts davon. Sollte ich zu erst versterben ist das Im Testament wie folgt geregelt:

* Kann ab 18 als Zuschuss zur Ausbildung verwendet werden. Wird ab 35 als Zuschuss fÃ¼r selbstbewohnte Immobilie freigegeben. Geht ab 50 in den freie VerfÃ¼gung Ã¼ber.
* StrafÃ¤lligkeit  (Hier Freiheitsstrafe auf BewÃ¤hrung ab 2 Jahre) == Anspruch verwirkt. Die Geschwister / Counsins  freuen sich.

Ich lege aber auch nur einmal im Jahr nach.
comment 16: Ich habe selbst fÃ¼r meine Nichte und meinen Neffen jeweils einen ETF-Sparplan eingerichtet.  
DafÃ¼r nutze ich einfach jeweils ein Direkt-Depot bei der ING. Das lÃ¤uft alles auf meinen Namen. Du kannst die Werte dann verschenken/Ã¼bertragen wann du mÃ¶chtest.  
Damit obliegt es mir, ob ich die Anteile dann wirklich mit 18 verschenke oder bei eklatanter unreife (Drogensumpf,Spielsucht... wovon ich natÃ¼rlich nicht ausgehe) eben zu einem spÃ¤teren Zeitpunkt.
comment 17: Und solang sein Name nicht dran steht, hat er noch potentiell MÃ¶glichkeiten fÃ¼r bspw BafÃ¶g
comment 18: Nein, genau aus dem Grund nur noch auf eigenen Namen.

Wenn ich im Umfeld die Freunde meiner Tochter sehe, alles aus ""nicht armen"" VerhÃ¤ltnissen, dann wÃ¼rde ich denen NIEMALS zum 18ten einen Haufen Geld in die Hand geben.

Zweckgebunden, Zuschuss zum Studium, MÃ¶bel fÃ¼r erste Wohnung, alles gut. Aber dann gestreckt und so wie der Geldgeber es bestimmt.
comment 19: Vorteil beim Kind ist halt, dass es bis zu ca. 10 000â‚¬ keine Steuern zahlt
comment 20: Der letzte Satz ist absolut empfehlenswert!
comment 21: Bei meinem Patenkind dasselbe Vorgehen. Andere Paten sind auch eingestiegen, denke es ist also ein guter Weg. Eltern sehen dann auch was genau vor sich geht.
comment 22: Thx so much. Klingt nach ner guten Idee!
comment 23: So kommt es dem Kind auch spÃ¤ter nicht zwangslÃ¤ufig wegen BafÃ¶g oder so in die Quere. Kann man natÃ¼rlich jetzt nicht wissen, wie dann die Regelungen/FreibetrÃ¤ge sind und ob das Ã¼berhaupt eine Rolle spielt. Aber man sollte das nicht ganz ausblenden, wenn man abwÃ¤gt zwischen der Form der Anlage, auf wessen Namen und FreibetrÃ¤gen etc.
comment 24: Find ich gut dem Kind die Freiheit zu lassen mit 18. Die meisten heulen immer gleich rum, was wenn es alles fÃ¼r Koks und Nutten ausgibt...?! 111!!11
comment 25: Wieso bevor 18?
comment 26: Naja der Freibetrag betrÃ¤gt immerhin 20k. Wenn du da drunter bist, sehe ich aktuell keinen Mehrwert das Ã¼ber ein Junior-Depot zu lÃ¶sen. Nimmst dir so halt die FlexibilitÃ¤t.
comment 27: Schenkungssteuer fÃ¤llt erst ab 20k an. Da musst du schon ordentlich in den ETF buttern.
comment 28: Anders rum genauso mÃ¶glich. Auf fremden Namen eingezahltes Geld wird dem BegÃ¼nstigten auf die FÃ¼ÃŸe fallen, falls er oder auch seine Eltern mal einen Wohngeld, BafÃ¶g, oder Ã¤hnlichen Antrag stellen. FrÃ¼her waren sicher KontoerÃ¶ffnungen sogar ohne Zustimmung und Kenntniss des Betroffenen mÃ¶glich, das Finanzamt kennt sie aber alle. Ich fÃ¤nde es Ã¼bergriffig, wenn jemand auf meinen Namen oder dem meiner Kinder FinanzgeschÃ¤fte treiben wÃ¼rde.
comment 29: Ok sorry - schnelles Googlen hab ich ergebnislos beendet. BeschÃ¤me mich, beschande mich, ich guck nochmal. Pls love me.
comment 30: Ist halt ein lebendiges Forum und kein Nachrichtenarchiv, dass wiederholte BeitrÃ¤ge nicht zulÃ¤sst.

Auch wenn die Frage nicht einmalig ist, hilft es doch, auch fÃ¼r die Kommentierenden, das Thema immer mal wieder aufzufrischen. Vielleicht gibt es ja was neues.

Und generell bist du auch in einem Forum fÃ¼r Finanzen. Die Leute mÃ¶gen es hier anderen Leuten die Welt rund um Finanzen zu erklÃ¤ren. Also einfach leben und leben lassen.
comment 31: Dasselbe gilt fuer deinen unnoetigen Kommentar
comment 32: Mit 50 braucht er/sie es sicherlich am dringlichsten.
comment 33: Auch noch n guter Punkt.
comment 34: >Zweckgebunden, Zuschuss zum Studium, MÃ¶bel fÃ¼r erste Wohnung, alles gut. Aber dann gestreckt und so wie der Geldgeber es bestimmt.

Seh' ich anders. ZuschÃ¼sse zu MÃ¶beln, Auto, FÃ¼hrerschein zahle ich, wenn ich das mÃ¶chte, von meinem Geld. Als einmaliges Geschenk.

Geld, dass ich fÃ¼r Kind/Neffen/XY zurÃ¼cklege, gehÃ¶rt ihm/ihr. Wenn ich Ã¼ber's Jahr Bargeschenke mache (statt in ein Depot zu gehen), sagen wir zu Ostern, Weihnachten, Geburtstag, dann kommt auch ein SÃ¼mmchen zusammen, dass derjenige entweder ins Sparschwein tun oder sich ein Legoset oder ne Playstation 7 kaufen kann.

Wenn der 18-JÃ¤hrige das Geld fÃ¼r den FÃ¼hrerschein/Auto/Mofa nutzt, perfekt. SchÃ¶nen Urlaub nach der Schule? Wieso nicht! Ein StÃ¼ck unnÃ¶tigen Luxus wie ne schÃ¶ne Uhr oder ein teureres KleidungsstÃ¼ck? Klar!
comment 35: Crap :D

Klingt naiv, aber ich gehe zumindest davon aus, mit dem Kind nicht in Streit zu verfallen ;)
comment 36: Eben. Das ist es. Aber das hatte ich im voraus alles einkalkuliert ğŸ˜Š
comment 37: Damit die Gewinne Ã¼ber die Zeit steuerfrei sind
comment 38: Und Vorteil ist, dass das Kind solange es keine eigenen anderen EinkÃ¼nfte hat, bis zu ca. 10 000 â‚¬ EinkÃ¼nften ( Grundfreibetrag), keine Steuern auf die KapitalertrÃ¤ge zahlt.
comment 39: Ãœber 18 Jahre halte ich das fÃ¼r durchaus vorstellbar.
comment 40: Nicht googlen... hier in diesem Forum suchen.
comment 41: Ja, tut mir leid.  
Ich bin von meiner Arbeit ein wenig vorbelastet. Dort werde ich immer mit Fragen bombardiert, fÃ¼r die derjenige nicht eine Sekunde selbst recherchiert hat.
comment 42: Du gehst auch nicht davon aus das du dich Scheiden lÃ¤sst, trotzdem ist ein Ehevertrag immer richtig und wichtig. 

Wenn man nicht davon ausgeht sich zu scheiden dann machts ja auch nix nen Ehevertrag aufzusetzen. Same thing here.


Btw, sehr nett das sowas machst fÃ¼r ihn, hÃ¤tte mir gerne ein â€Startkapitalâ€œ gewÃ¼nscht. Macht alles viel einfacher, auÃŸer man versaufts halt
comment 43: Kannst du das erklÃ¤ren?
comment 44: Verstehe, arbeite auch mit bloeden Kunden. Scheisse Arbeit ğŸ˜…
comment 45: Ich gehe tatsÃ¤chlich schon davon aus, dass ich nie eine dauerdauerdauerhafte Beziehung habrn werdeğŸ˜„
comment 46: ja same, Morgen Valentinstag schaut wieder mau aus, seit schon 21 Jahren wiederholt sich das. Naja egal dafÃ¼r ist mein Depot im plus
comment 47: Das letzte ist das allerwichtigste"
